<?xml version="1.0" encoding="ISO-8859-1"?>
<metadata>
	<idinfo>
		<citation>
			<citeinfo>
				<origin>Rocky Mountain National Park GIS Program</origin>
				<pubdate>20060112</pubdate>
				<title>Backcountry Campsites of Rocky Mountain National Park</title>
				<geoform Sync="TRUE">vector digital data</geoform>
				<serinfo>
					<sername>none</sername>
					<issue>none</issue>
				</serinfo>
				<pubinfo>
					<pubplace>Estes Park, Colorado</pubplace>
					<publish>Rocky Mountain National Park GIS Program</publish>
				</pubinfo>
				<ftname Sync="TRUE">campsites</ftname><onlink>http://nrdata.nps.gov/romo/romodata/campsites.zip</onlink></citeinfo>
		</citation>
		<descript>
			<abstract>This data depicts the location of backcountry campsites located within
Rocky Mountain National Park.  These point data were collected by staff of the RMNP backcountry office during 2005.</abstract>
			<purpose>

Data used and/or developed by the Rocky Mountain National Park
GIS Program is used in the protection and management of
Rocky Mountain National Park.
</purpose>
			<langdata Sync="TRUE">en</langdata></descript>
		<timeperd>
			<timeinfo>
				<sngdate>
					<caldate>20050601</caldate>
				</sngdate>
			</timeinfo>
			<current>publication date</current>
		</timeperd>
		<status>
			<progress>Complete</progress>
			<update>As needed</update>
		</status>
		<spdom>
			<bounding>
				<westbc Sync="TRUE">-105.881267</westbc>
				<eastbc Sync="TRUE">-105.515250</eastbc>
				<northbc Sync="TRUE">40.536354</northbc>
				<southbc Sync="TRUE">40.174905</southbc>
			</bounding>
			<lboundng><leftbc Sync="TRUE">425362.254000</leftbc><rightbc Sync="TRUE">456131.002000</rightbc><bottombc Sync="TRUE">4447328.231000</bottombc><topbc Sync="TRUE">4487207.801000</topbc></lboundng></spdom>
		<keywords>
			<theme>
				<themekt>none</themekt>
				<themekey>Rocky Mountain National Park</themekey>
				<themekey>backcountry</themekey>
				<themekey>campsites</themekey>
				<themekey>campsite</themekey></theme>
			<place>
				<placekt>none</placekt>
				<placekey>Rocky Mountain National Park</placekey>
				<placekey>Colorado</placekey>
				<placekey>Larimer County</placekey>
				<placekey>Boulder County</placekey>
				<placekey>Grand County</placekey>
				<placekey>Estes Park</placekey>
				<placekey>Grand Lake</placekey>
				<placekey>backcountry</placekey></place>
		</keywords>
		<accconst>None</accconst>
		<useconst>Not for use at scales greater than 1:59000</useconst>
		<ptcontac>
			<cntinfo>
				<cntperp>
					<cntper>GIS Coordinator</cntper>
					<cntorg>Rocky Mountain National Park GIS Program</cntorg>
				</cntperp>
				<cntpos>GIS Coordinator</cntpos>
				<cntaddr>
					<addrtype>mailing and physical address</addrtype>
					<address>US Hwy 36</address>
					<city>Estes Park</city>
					<state>Colorado</state>
					<postal>80517</postal>
					<country>USA</country>
				</cntaddr>
				<cntvoice>N/A</cntvoice>
				<cntfax>(970) 586-1392</cntfax>
				<cntemail>romo_gis_coordinator@nps.gov</cntemail>
			</cntinfo>
		</ptcontac>
		<native Sync="TRUE">Microsoft Windows XP Version 5.1 (Build 2600) Service Pack 2; ESRI ArcCatalog 9.1.0.722</native><natvform Sync="TRUE">Shapefile</natvform></idinfo>
	<dataqual>
		<attracc>
			<attraccr>

The attribute accuracy is deductively estimated to be "good".
If a higher proof of data accuracy is required, do not use
this data. User is advised to FULLY and CAREFULLY READ the
"DISTRIBUTION LIABILITY" section of this metadata before using
this data.
</attraccr>
		</attracc>
		<logic>Point features present.</logic>
		<complete>

Data is considered complete. Some datasets are parkwide in scope,
while others were developed and/or updated to address specific
management concerns within particular spatial coordinates.  Users of
this data are advised to FULLY and CAREFULLY READ the "DISTRIBUTION
LIABILITY" section of this metadata before using this data.
</complete>
		<posacc>
			<horizpa>
				<horizpar>

Horizontal accuracy varies depending on the source of individual
components within the data.  Data derived from USGS data (DLGs, DEMs, DOQQs)
are assumed to meet National Map Accuracy standards, though extensive
experience in using USGS data for the Rocky Mountain National Park
area has shown that many data components have spatial errors exceeding
the National Map Accuracy standards. Data produced from GPS
(Global Positioning System) field data is assumed to be spatially
accurate to within 2-5 meters.
</horizpar>
			</horizpa>
		</posacc>
		<lineage>
			<procstep>
				<procdesc>GPS data was collected during the summer season of 2005 by the staff of the backcountry office of RMNP.  GPS data was downloaded at weekly intervals and post-processed using TRIMBLE Pathfinder Office 2.90 software, using base station files of CompassCom of Denver, Colorado.

At the end of the season, the corrected data files were exported to ESRI shapefile format.  Coordinate attributes were added with ArcGIS ArcMap 9.1 using the NPS Alaska Pak "Add XY Coordinates" tool.

</procdesc>
				<procdate>20060101</procdate>
			</procstep>
		</lineage>
	</dataqual>
	<spdoinfo>
		<direct Sync="TRUE">Vector</direct>
		<ptvctinf>
			<sdtsterm Name="campsites">
				<sdtstype Sync="TRUE">Entity point</sdtstype>
				<ptvctcnt Sync="TRUE">220</ptvctcnt>
			</sdtsterm>
			<esriterm Name="campsites"><efeatyp Sync="TRUE">Simple</efeatyp><efeageom Sync="TRUE">Point</efeageom><esritopo Sync="TRUE">FALSE</esritopo><efeacnt Sync="TRUE">220</efeacnt><spindex Sync="TRUE">TRUE</spindex><linrefer Sync="TRUE">FALSE</linrefer></esriterm></ptvctinf>
	</spdoinfo>
	<spref>
		<horizsys>
			<planar>
				<planci>
					<plance Sync="TRUE">coordinate pair</plance>
					<coordrep>
						<absres Sync="TRUE">0.000064</absres>
						<ordres Sync="TRUE">0.000064</ordres>
					</coordrep>
					<plandu Sync="TRUE">meters</plandu>
				</planci>
				<gridsys><gridsysn Sync="TRUE">Universal Transverse Mercator</gridsysn><utm><utmzone Sync="TRUE">13</utmzone><transmer><sfctrmer Sync="TRUE">0.999600</sfctrmer><longcm Sync="TRUE">-105.000000</longcm><latprjo Sync="TRUE">0.000000</latprjo><feast Sync="TRUE">500000.000000</feast><fnorth Sync="TRUE">0.000000</fnorth></transmer></utm></gridsys></planar>
			<geodetic>
				<horizdn Sync="TRUE">North American Datum of 1927</horizdn>
				<ellips Sync="TRUE">Clarke 1866</ellips>
				<semiaxis Sync="TRUE">6378206.400000</semiaxis>
				<denflat Sync="TRUE">294.978698</denflat>
			</geodetic>
			<cordsysn><geogcsn Sync="TRUE">GCS_North_American_1927</geogcsn><projcsn Sync="TRUE">NAD_1927_UTM_Zone_13N</projcsn></cordsysn></horizsys>
	</spref>
	<eainfo>
		<detailed Name="campsites"><enttyp><enttypl Sync="TRUE">campsites</enttypl><enttypt Sync="TRUE">Feature Class</enttypt><enttypc Sync="TRUE">220</enttypc><enttypd>n/a</enttypd><enttypds>n/a</enttypds></enttyp><attr><attrlabl Sync="TRUE">FID</attrlabl><attalias Sync="TRUE">FID</attalias><attrtype Sync="TRUE">OID</attrtype><attwidth Sync="TRUE">4</attwidth><atprecis Sync="TRUE">0</atprecis><attscale Sync="TRUE">0</attscale><attrdef Sync="TRUE">Internal feature number.</attrdef><attrdefs Sync="TRUE">ESRI</attrdefs><attrdomv><udom Sync="TRUE">Sequential unique whole numbers that are automatically generated.</udom></attrdomv><attrmfrq>Unknown</attrmfrq></attr><attr><attrlabl Sync="TRUE">Shape</attrlabl><attalias Sync="TRUE">Shape</attalias><attrtype Sync="TRUE">Geometry</attrtype><attwidth Sync="TRUE">0</attwidth><atprecis Sync="TRUE">0</atprecis><attscale Sync="TRUE">0</attscale><attrdef Sync="TRUE">Feature geometry.</attrdef><attrdefs Sync="TRUE">ESRI</attrdefs><attrdomv><udom Sync="TRUE">Coordinates defining the features.</udom></attrdomv></attr><attr><attrlabl Sync="TRUE">SITE</attrlabl><attalias Sync="TRUE">SITE</attalias><attrtype Sync="TRUE">String</attrtype><attwidth Sync="TRUE">20</attwidth><attrdomv><udom>Site code as assigned.</udom></attrdomv><attrdef>Site code as assigned.</attrdef><attrdefs>n/a</attrdefs><attrmfrq>Unknown</attrmfrq></attr><attr><attrlabl Sync="TRUE">CAMPSITE</attrlabl><attalias Sync="TRUE">CAMPSITE</attalias><attrtype Sync="TRUE">String</attrtype><attwidth Sync="TRUE">254</attwidth><attrdef>Name of campsite</attrdef><attrdefs>n/a</attrdefs><attrdomv><udom>Name of Campsite as assigned.</udom></attrdomv><attrmfrq>Unknown</attrmfrq></attr><attr><attrlabl Sync="TRUE">FMSS</attrlabl><attalias Sync="TRUE">FMSS</attalias><attrtype Sync="TRUE">String</attrtype><attwidth Sync="TRUE">254</attwidth><attrdef>FMSS number assigned to site</attrdef><attrdefs>n/a</attrdefs><attrdomv><udom>FMSS code as assigned.</udom></attrdomv><attrmfrq>Unknown</attrmfrq></attr><attr><attrlabl Sync="TRUE">UTM_E_27</attrlabl><attalias Sync="TRUE">UTM_E_27</attalias><attrtype Sync="TRUE">Number</attrtype><attwidth Sync="TRUE">19</attwidth><atnumdec Sync="TRUE">5</atnumdec><attrdef>UTM Easting coordinate in NAD27</attrdef><attrdefs>n/a</attrdefs><attrdomv><udom>Coordinates defining the features.</udom></attrdomv></attr><attr><attrlabl Sync="TRUE">UTM_N_27</attrlabl><attalias Sync="TRUE">UTM_N_27</attalias><attrtype Sync="TRUE">Number</attrtype><attwidth Sync="TRUE">19</attwidth><atnumdec Sync="TRUE">5</atnumdec><attrdef>UTM Northing Coordinate in NAD27</attrdef><attrdefs>n/a</attrdefs><attrdomv><udom>Coordinates defining the features.</udom></attrdomv></attr><attr><attrlabl Sync="TRUE">LON_27</attrlabl><attalias Sync="TRUE">LON_27</attalias><attrtype Sync="TRUE">Number</attrtype><attwidth Sync="TRUE">19</attwidth><atnumdec Sync="TRUE">5</atnumdec><attrdef>Longitude in Decimal Degrees, NAD27</attrdef><attrdefs>n/a</attrdefs><attrdomv><udom>Coordinates defining the features.</udom></attrdomv></attr><attr><attrlabl Sync="TRUE">LAT_27</attrlabl><attalias Sync="TRUE">LAT_27</attalias><attrtype Sync="TRUE">Number</attrtype><attwidth Sync="TRUE">19</attwidth><atnumdec Sync="TRUE">5</atnumdec><attrdef>Latitude in Decimal Degrees, NAD27</attrdef><attrdefs>n/a</attrdefs><attrdomv><udom>Coordinates defining the features.</udom></attrdomv></attr><attr><attrlabl Sync="TRUE">LON_DMS_27</attrlabl><attalias Sync="TRUE">LON_DMS_27</attalias><attrtype Sync="TRUE">String</attrtype><attwidth Sync="TRUE">16</attwidth><attrdef>Longitude in Degress Minutes Seconds, NAD27</attrdef><attrdefs>n/a</attrdefs><attrdomv><udom>Coordinates defining the features.</udom></attrdomv></attr><attr><attrlabl Sync="TRUE">LAT_DMS_27</attrlabl><attalias Sync="TRUE">LAT_DMS_27</attalias><attrtype Sync="TRUE">String</attrtype><attwidth Sync="TRUE">16</attwidth><attrdef>Latitude in Degrees Minutes Seconds, NAD27</attrdef><attrdefs>n/a</attrdefs><attrdomv><udom>Coordinates defining the features.</udom></attrdomv></attr><attr><attrlabl Sync="TRUE">UTM_E_83</attrlabl><attalias Sync="TRUE">UTM_E_83</attalias><attrtype Sync="TRUE">Number</attrtype><attwidth Sync="TRUE">19</attwidth><atnumdec Sync="TRUE">5</atnumdec><attrdef>UTM Easting Coordinate in NAD83</attrdef><attrdefs>n/a</attrdefs><attrdomv><udom>Coordinates defining the features.</udom></attrdomv></attr><attr><attrlabl Sync="TRUE">UTM_N_83</attrlabl><attalias Sync="TRUE">UTM_N_83</attalias><attrtype Sync="TRUE">Number</attrtype><attwidth Sync="TRUE">19</attwidth><atnumdec Sync="TRUE">5</atnumdec><attrdef>UTM Northing Coordinate in NAD83</attrdef><attrdefs>n/a</attrdefs><attrdomv><udom>Coordinates defining the features.</udom></attrdomv></attr><attr><attrlabl Sync="TRUE">LON_83</attrlabl><attalias Sync="TRUE">LON_83</attalias><attrtype Sync="TRUE">Number</attrtype><attwidth Sync="TRUE">19</attwidth><atnumdec Sync="TRUE">5</atnumdec><attrdef>Longitude in Decimal Degrees, NAD83</attrdef><attrdefs>n/a</attrdefs><attrdomv><udom>Coordinates defining the features.</udom></attrdomv></attr><attr><attrlabl Sync="TRUE">LAT_83</attrlabl><attalias Sync="TRUE">LAT_83</attalias><attrtype Sync="TRUE">Number</attrtype><attwidth Sync="TRUE">19</attwidth><atnumdec Sync="TRUE">5</atnumdec><attrdef>Latitude in Decimal Degrees, NAD83</attrdef><attrdefs>n/a</attrdefs><attrdomv><udom>Coordinates defining the features.</udom></attrdomv></attr><attr><attrlabl Sync="TRUE">LON_DMS_83</attrlabl><attalias Sync="TRUE">LON_DMS_83</attalias><attrtype Sync="TRUE">String</attrtype><attwidth Sync="TRUE">16</attwidth><attrdef>Longitude in Degrees Minutes Seconds, NAD83</attrdef><attrdefs>n/a</attrdefs><attrdomv><udom>Coordinates defining the features.</udom></attrdomv></attr><attr><attrlabl Sync="TRUE">LAT_DMS_83</attrlabl><attalias Sync="TRUE">LAT_DMS_83</attalias><attrtype Sync="TRUE">String</attrtype><attwidth Sync="TRUE">16</attwidth><attrdef>Latitude in Degrees Minutes Seconds, NAD83</attrdef><attrdomv><udom>Coordinates defining the features.</udom></attrdomv><attrdefs>n/a</attrdefs></attr><attr><attrlabl Sync="TRUE">GPS_DATE</attrlabl><attalias Sync="TRUE">GPS_DATE</attalias><attrtype Sync="TRUE">Date</attrtype><attwidth Sync="TRUE">8</attwidth><attrdef>Date GPS data was collected</attrdef><attrdefs>n/a</attrdefs><attrdomv><udom>Actual dates data was collected.</udom></attrdomv></attr><attr><attrlabl Sync="TRUE">DATAFILE</attrlabl><attalias Sync="TRUE">DATAFILE</attalias><attrtype Sync="TRUE">String</attrtype><attwidth Sync="TRUE">20</attwidth><attrdef>Name of datafile GPS data saved into</attrdef><attrdefs>n/a</attrdefs><attrdomv><udom>n/a</udom></attrdomv></attr><attr><attrlabl Sync="TRUE">MAX_PDOP</attrlabl><attalias Sync="TRUE">MAX_PDOP</attalias><attrtype Sync="TRUE">Number</attrtype><attwidth Sync="TRUE">19</attwidth><atnumdec Sync="TRUE">5</atnumdec><attrdef>MAX_PDOP</attrdef><attrdefs>TRIMBLE</attrdefs><attrdomv><udom>n/a</udom></attrdomv></attr><attr><attrlabl Sync="TRUE">MAX_HDOP</attrlabl><attalias Sync="TRUE">MAX_HDOP</attalias><attrtype Sync="TRUE">Number</attrtype><attwidth Sync="TRUE">19</attwidth><atnumdec Sync="TRUE">5</atnumdec><attrdef>MAX_HDOP</attrdef><attrdefs>TRIMBLE</attrdefs><attrdomv><udom>n/a</udom></attrdomv></attr><attr><attrlabl Sync="TRUE">UNFILT_POS</attrlabl><attalias Sync="TRUE">UNFILT_POS</attalias><attrtype Sync="TRUE">Number</attrtype><attwidth Sync="TRUE">19</attwidth><atnumdec Sync="TRUE">5</atnumdec><attrdef>UNFILT_POS</attrdef><attrdefs>TRIMBLE</attrdefs><attrdomv><udom>n/a</udom></attrdomv></attr><attr><attrlabl Sync="TRUE">HORZ_PREC</attrlabl><attalias Sync="TRUE">HORZ_PREC</attalias><attrtype Sync="TRUE">Number</attrtype><attwidth Sync="TRUE">19</attwidth><atnumdec Sync="TRUE">5</atnumdec><attrdef>HORZ_PREC</attrdef><attrdefs>TRIMBLE</attrdefs><attrdomv><udom>n/a</udom></attrdomv></attr><attr><attrlabl Sync="TRUE">STD_DEV</attrlabl><attalias Sync="TRUE">STD_DEV</attalias><attrtype Sync="TRUE">Number</attrtype><attwidth Sync="TRUE">19</attwidth><atnumdec Sync="TRUE">5</atnumdec><attrdef>STD_DEV</attrdef><attrdefs>TRIMBLE</attrdefs><attrdomv><udom>n/a</udom></attrdomv></attr></detailed></eainfo>
	<distinfo>
		<distrib>
			<cntinfo>
				<cntorgp>
					<cntorg>Rocky Mountain National Park GIS Program</cntorg>
				</cntorgp>
				<cntpos>GIS Coordinator</cntpos>
				<cntaddr>
					<addrtype>mailing and physical address</addrtype>
					<address>US Hwy 36</address>
					<city>Estes Park</city>
					<state>Colorado</state>
					<postal>80517</postal>
					<country>USA</country>
				</cntaddr>
				<cntvoice>N/A</cntvoice>
				<cntemail>romo_gis_coordinator@nps.gov</cntemail>
				<cntinst>Contact via email</cntinst>
			</cntinfo>
		</distrib>
		<distliab>

The National Park Service shall not be held liable
for improper or incorrect use of the data described
and/or contained herein.  These data and related graphics
(if available) are not legal documents and are not intended
to be used as such.

The information contained in these data is dynamic and may
change over time.  The data are not better than the original
sources from which they were derived. It is the responsibility
of the data user to use the data appropriately and consistant within
the limitations of geospatial data in general and these data
in particular.  Any related graphics (if available) are intended
to aid the data user in acquiring relevant data; it is not
appropriate to use related graphics as data.

The National Park Service gives no warranty, expressed or implied,
as to the accuracy, reliability, or completeness of these data.
It is strongly recommended that these data are directly acquired
from an NPS server and not indirectly through other sources which may
have changed the data in some way.  Although these data have been
processed successfully on a computer system at the National Park Service,
no warranty expressed or implied is made regarding the utility
of the data on another system or for general or scientific purposes,
nor shall the act of distribution constitute any such warranty.
This disclaimer applies both to individual use of the data
and aggregate use with other data.
</distliab>
		<resdesc Sync="TRUE">Downloadable Data</resdesc><stdorder><digform><digtinfo><transize Sync="TRUE">0.006</transize><dssize Sync="TRUE">0.006</dssize><formname>ARCshapefile</formname><filedec>no compression applied</filedec></digtinfo><digtopt><offoptn><offmedia>CD-ROM</offmedia><reccap><recden>unknown</recden><recdenu>n/a</recdenu></reccap><recfmt>n/a</recfmt></offoptn></digtopt></digform><fees>None</fees></stdorder></distinfo>
	<metainfo>
		<metd Sync="TRUE">20060112</metd>
		<metrd>20000406</metrd>
		<metc>
			<cntinfo>
				<cntorgp>
					<cntorg>Rocky Mountain National Park GIS Program</cntorg>
					<cntper>GIS Coordinator</cntper>
				</cntorgp>
				<cntpos>GIS Coordinator</cntpos>
				<cntaddr>
					<addrtype>mailing and physical address</addrtype>
					<address>US Hwy 36</address>
					<city>Estes Park</city>
					<state>Colorado</state>
					<postal>80517</postal>
					<country>USA</country>
				</cntaddr>
				<cntvoice>N/A</cntvoice>
				<cntfax>(970) 586-1392</cntfax>
				<cntemail>romo_gis_coordinator@nps.gov</cntemail>
			</cntinfo>
		</metc>
		<metstdn Sync="TRUE">FGDC Content Standards for Digital Geospatial Metadata</metstdn>
		<metstdv Sync="TRUE">FGDC-STD-001-1998</metstdv>
		<langmeta Sync="TRUE">en</langmeta><mettc Sync="TRUE">local time</mettc><metextns><onlink Sync="TRUE">http://www.esri.com/metadata/esriprof80.html</onlink><metprof Sync="TRUE">ESRI Metadata Profile</metprof></metextns></metainfo>
	<Esri><MetaID>{A54B634A-E02F-417B-B4FB-1C39E9656758}</MetaID><CreaDate>20060112</CreaDate><CreaTime>14040200</CreaTime><SyncOnce>FALSE</SyncOnce><SyncDate>20060112</SyncDate><SyncTime>14040300</SyncTime><ModDate>20060112</ModDate><ModTime>15361100</ModTime></Esri><dataIdInfo><envirDesc Sync="TRUE">Microsoft Windows XP Version 5.1 (Build 2600) Service Pack 2; ESRI ArcCatalog 9.1.0.722</envirDesc><dataLang><languageCode Sync="TRUE" value="en"></languageCode></dataLang><idCitation><resTitle Sync="TRUE">campsites</resTitle><presForm><PresFormCd Sync="TRUE" value="005"></PresFormCd></presForm></idCitation><spatRpType><SpatRepTypCd Sync="TRUE" value="001"></SpatRepTypCd></spatRpType><dataExt><geoEle><GeoBndBox esriExtentType="native"><westBL Sync="TRUE">425362.254</westBL><eastBL Sync="TRUE">456131.002</eastBL><northBL Sync="TRUE">4487207.801</northBL><southBL Sync="TRUE">4447328.231</southBL><exTypeCode Sync="TRUE">1</exTypeCode></GeoBndBox></geoEle></dataExt><geoBox esriExtentType="decdegrees"><westBL Sync="TRUE">-105.881267</westBL><eastBL Sync="TRUE">-105.51525</eastBL><northBL Sync="TRUE">40.536354</northBL><southBL Sync="TRUE">40.174905</southBL><exTypeCode Sync="TRUE">1</exTypeCode></geoBox></dataIdInfo><mdLang><languageCode Sync="TRUE" value="en"></languageCode></mdLang><mdStanName Sync="TRUE">ISO 19115 Geographic Information - Metadata</mdStanName><mdStanVer Sync="TRUE">DIS_ESRI1.0</mdStanVer><mdChar><CharSetCd Sync="TRUE" value="004"></CharSetCd></mdChar><mdHrLv><ScopeCd Sync="TRUE" value="005"></ScopeCd></mdHrLv><mdHrLvName Sync="TRUE">dataset</mdHrLvName><distInfo><distributor><distorTran><onLineSrc><orDesc Sync="TRUE">002</orDesc><linkage Sync="TRUE">file://\\INPROMOTHOMASR\D$\avdata\ROMO\campsites.shp</linkage><protocol Sync="TRUE">Local Area Network</protocol></onLineSrc><transSize Sync="TRUE">0.006</transSize></distorTran><distorFormat><formatName Sync="TRUE">Shapefile</formatName></distorFormat></distributor></distInfo><refSysInfo><RefSystem><refSysID><identCode Sync="TRUE">NAD_1927_UTM_Zone_13N</identCode></refSysID></RefSystem></refSysInfo><spatRepInfo><VectSpatRep><topLvl><TopoLevCd Sync="TRUE" value="001"></TopoLevCd></topLvl><geometObjs Name="campsites"><geoObjTyp><GeoObjTypCd Sync="TRUE" value="004"></GeoObjTypCd></geoObjTyp><geoObjCnt Sync="TRUE">220</geoObjCnt></geometObjs></VectSpatRep></spatRepInfo><mdDateSt Sync="TRUE">20060112</mdDateSt></metadata>
