<metadata><Esri><CreaDate>20140218</CreaDate><CreaTime>11005800</CreaTime><SyncOnce>FALSE</SyncOnce><ModDate>20141208</ModDate><ModTime>16013000</ModTime><SyncDate>20141208</SyncDate><SyncTime>16013000</SyncTime><ArcGISstyle>FGDC CSDGM Metadata</ArcGISstyle><DataProperties><itemProps><itemLocation><linkage Sync="TRUE">file://\\inpimrosgis3\gis\Projects\IMRO15_07_IMRACleanup\DataonIRMA\ROMO_TRANS_Trail_ln.shp</linkage><protocol Sync="TRUE">Local Area Network</protocol></itemLocation><itemName Sync="TRUE">ROMO_TRANS_Trail_ln</itemName><imsContentType Sync="TRUE">002</imsContentType><nativeExtBox><westBL Sync="TRUE">424361.861300</westBL><eastBL Sync="TRUE">457619.775300</eastBL><southBL Sync="TRUE">4446154.933200</southBL><northBL Sync="TRUE">4488906.028000</northBL><exTypeCode Sync="TRUE">1</exTypeCode></nativeExtBox><itemSize Sync="TRUE">0.000</itemSize></itemProps><copyHistory><copy source="D:\ARCWORK\WORKING DATA\trails_2013_updates" dest="\\inpromohqs5\gis\gisdata\trans\trails_2013_updates" date="20130911" time="09272000"/></copyHistory><coordRef><type Sync="TRUE">Projected</type><geogcsn Sync="TRUE">GCS_North_American_1983</geogcsn><csUnits Sync="TRUE">Linear Unit: Meter (1.000000)</csUnits><projcsn Sync="TRUE">NAD_1983_UTM_Zone_13N</projcsn><peXml Sync="TRUE">&lt;ProjectedCoordinateSystem xsi:type='typens:ProjectedCoordinateSystem' xmlns:xsi='http://www.w3.org/2001/XMLSchema-instance' xmlns:xs='http://www.w3.org/2001/XMLSchema' xmlns:typens='http://www.esri.com/schemas/ArcGIS/10.1'&gt;&lt;WKT&gt;PROJCS[&amp;quot;NAD_1983_UTM_Zone_13N&amp;quot;,GEOGCS[&amp;quot;GCS_North_American_1983&amp;quot;,DATUM[&amp;quot;D_North_American_1983&amp;quot;,SPHEROID[&amp;quot;GRS_1980&amp;quot;,6378137.0,298.257222101]],PRIMEM[&amp;quot;Greenwich&amp;quot;,0.0],UNIT[&amp;quot;Degree&amp;quot;,0.0174532925199433]],PROJECTION[&amp;quot;Transverse_Mercator&amp;quot;],PARAMETER[&amp;quot;False_Easting&amp;quot;,500000.0],PARAMETER[&amp;quot;False_Northing&amp;quot;,0.0],PARAMETER[&amp;quot;Central_Meridian&amp;quot;,-105.0],PARAMETER[&amp;quot;Scale_Factor&amp;quot;,0.9996],PARAMETER[&amp;quot;Latitude_Of_Origin&amp;quot;,0.0],UNIT[&amp;quot;Meter&amp;quot;,1.0],AUTHORITY[&amp;quot;EPSG&amp;quot;,26913]]&lt;/WKT&gt;&lt;XOrigin&gt;-5120900&lt;/XOrigin&gt;&lt;YOrigin&gt;-9998100&lt;/YOrigin&gt;&lt;XYScale&gt;450445547.3910538&lt;/XYScale&gt;&lt;ZOrigin&gt;-100000&lt;/ZOrigin&gt;&lt;ZScale&gt;10000&lt;/ZScale&gt;&lt;MOrigin&gt;-100000&lt;/MOrigin&gt;&lt;MScale&gt;10000&lt;/MScale&gt;&lt;XYTolerance&gt;0.001&lt;/XYTolerance&gt;&lt;ZTolerance&gt;0.001&lt;/ZTolerance&gt;&lt;MTolerance&gt;0.001&lt;/MTolerance&gt;&lt;HighPrecision&gt;true&lt;/HighPrecision&gt;&lt;WKID&gt;26913&lt;/WKID&gt;&lt;LatestWKID&gt;26913&lt;/LatestWKID&gt;&lt;/ProjectedCoordinateSystem&gt;</peXml></coordRef><lineage><Process ToolSource="c:\program files (x86)\arcgis\desktop10.1\ArcToolbox\Toolboxes\Data Management Tools.tbx\CopyFeatures" Date="20141208" Time="130728">CopyFeatures S:\Projects\IMRO15_07_IMRACleanup\Data\Transportation_ROMO\trails.shp N:\ArcGIS_Server\Creator_Connection_Files\Data_Creator\ROMO.sde\ROMO_SDE.GIS.trails # 0 0 0</Process><Process ToolSource="c:\program files (x86)\arcgis\desktop10.1\ArcToolbox\Toolboxes\Conversion Tools.tbx\FeatureClassToFeatureClass" Date="20141208" Time="160131">FeatureClassToFeatureClass N:\ArcGIS_Server\Creator_Connection_Files\Data_Creator\ROMO.sde\ROMO_SDE.GIS.ROMO_TRANS_Trails_ln S:\Projects\IMRO15_07_IMRACleanup\DataonIRMA ROMO_TRANS_Trail_ln.shp # "OBJECTID "OBJECTID" true true false 4 Long 0 10 ,First,#,N:\ArcGIS_Server\Creator_Connection_Files\Data_Creator\ROMO.sde\ROMO_SDE.GIS.ROMO_TRANS_Trails_ln,OBJECTID,-1,-1;SEGNAME "SEGNAME" true true false 60 Text 0 0 ,First,#,N:\ArcGIS_Server\Creator_Connection_Files\Data_Creator\ROMO.sde\ROMO_SDE.GIS.ROMO_TRANS_Trails_ln,SEGNAME,-1,-1;SEGMENT "SEGMENT" true true false 6 Text 0 0 ,First,#,N:\ArcGIS_Server\Creator_Connection_Files\Data_Creator\ROMO.sde\ROMO_SDE.GIS.ROMO_TRANS_Trails_ln,SEGMENT,-1,-1;UNIT "UNIT" true true false 30 Text 0 0 ,First,#,N:\ArcGIS_Server\Creator_Connection_Files\Data_Creator\ROMO.sde\ROMO_SDE.GIS.ROMO_TRANS_Trails_ln,UNIT,-1,-1;UNITNUM "UNITNUM" true true false 2 Short 0 5 ,First,#,N:\ArcGIS_Server\Creator_Connection_Files\Data_Creator\ROMO.sde\ROMO_SDE.GIS.ROMO_TRANS_Trails_ln,UNITNUM,-1,-1;STANDARD "STANDARD" true true false 3 Text 0 0 ,First,#,N:\ArcGIS_Server\Creator_Connection_Files\Data_Creator\ROMO.sde\ROMO_SDE.GIS.ROMO_TRANS_Trails_ln,STANDARD,-1,-1;USERCLASS "USERCLASS" true true false 5 Text 0 0 ,First,#,N:\ArcGIS_Server\Creator_Connection_Files\Data_Creator\ROMO.sde\ROMO_SDE.GIS.ROMO_TRANS_Trails_ln,USERCLASS,-1,-1;HORSE_USE "HORSE_USE" true true false 2 Text 0 0 ,First,#,N:\ArcGIS_Server\Creator_Connection_Files\Data_Creator\ROMO.sde\ROMO_SDE.GIS.ROMO_TRANS_Trails_ln,HORSE_USE,-1,-1;CDT "CDT" true true false 2 Text 0 0 ,First,#,N:\ArcGIS_Server\Creator_Connection_Files\Data_Creator\ROMO.sde\ROMO_SDE.GIS.ROMO_TRANS_Trails_ln,CDT,-1,-1;MILES "MILES" true true false 8 Double 8 38 ,First,#,N:\ArcGIS_Server\Creator_Connection_Files\Data_Creator\ROMO.sde\ROMO_SDE.GIS.ROMO_TRANS_Trails_ln,MILES,-1,-1;FEET "FEET" true true false 8 Double 8 38 ,First,#,N:\ArcGIS_Server\Creator_Connection_Files\Data_Creator\ROMO.sde\ROMO_SDE.GIS.ROMO_TRANS_Trails_ln,FEET,-1,-1;SOURCE "SOURCE" true true false 10 Text 0 0 ,First,#,N:\ArcGIS_Server\Creator_Connection_Files\Data_Creator\ROMO.sde\ROMO_SDE.GIS.ROMO_TRANS_Trails_ln,SOURCE,-1,-1;OLDNAME "OLDNAME" true true false 41 Text 0 0 ,First,#,N:\ArcGIS_Server\Creator_Connection_Files\Data_Creator\ROMO.sde\ROMO_SDE.GIS.ROMO_TRANS_Trails_ln,OLDNAME,-1,-1;OLDNUM "OLDNUM" true true false 5 Text 0 0 ,First,#,N:\ArcGIS_Server\Creator_Connection_Files\Data_Creator\ROMO.sde\ROMO_SDE.GIS.ROMO_TRANS_Trails_ln,OLDNUM,-1,-1;FMSS "FMSS" true true false 50 Text 0 0 ,First,#,N:\ArcGIS_Server\Creator_Connection_Files\Data_Creator\ROMO.sde\ROMO_SDE.GIS.ROMO_TRANS_Trails_ln,FMSS,-1,-1;FMSSINFO "FMSSINFO" true true false 100 Text 0 0 ,First,#,N:\ArcGIS_Server\Creator_Connection_Files\Data_Creator\ROMO.sde\ROMO_SDE.GIS.ROMO_TRANS_Trails_ln,FMSSINFO,-1,-1;Shape_Leng "Shape_Leng" true true false 8 Double 8 38 ,First,#,N:\ArcGIS_Server\Creator_Connection_Files\Data_Creator\ROMO.sde\ROMO_SDE.GIS.ROMO_TRANS_Trails_ln,Shape_Leng,-1,-1;HISTORIC "HISTORIC" true true false 2 Text 0 0 ,First,#,N:\ArcGIS_Server\Creator_Connection_Files\Data_Creator\ROMO.sde\ROMO_SDE.GIS.ROMO_TRANS_Trails_ln,HISTORIC,-1,-1;Shape_STLe "Shape.STLength()" false false true 0 Double 0 0 ,First,#,N:\ArcGIS_Server\Creator_Connection_Files\Data_Creator\ROMO.sde\ROMO_SDE.GIS.ROMO_TRANS_Trails_ln,Shape.STLength(),-1,-1" #</Process></lineage></DataProperties><ArcGISFormat>1.0</ArcGISFormat><ArcGISProfile>FGDC</ArcGISProfile><scaleRange><minScale>150000000</minScale><maxScale>5000</maxScale></scaleRange></Esri><mdLang><languageCode value="eng"/><countryCode value="USA" Sync="TRUE"/></mdLang><mdChar><CharSetCd value="004"/></mdChar><mdHrLv><ScopeCd value="005"/></mdHrLv><mdContact><rpIndName>GIS Coordinator</rpIndName><rpOrgName>Rocky Mountain National Park GIS Program</rpOrgName><rpPosName>GIS Coordinator</rpPosName><rpCntInfo><cntPhone><voiceNum>N/A</voiceNum><faxNum>(970) 586-1392</faxNum></cntPhone><cntAddress addressType="both"><delPoint>US Hwy 36</delPoint><city>Estes Park</city><adminArea>Colorado</adminArea><postCode>80517</postCode><country>US</country><eMailAdd>romo_gis_coordinator@nps.gov</eMailAdd></cntAddress></rpCntInfo><role><RoleCd value="007"/></role></mdContact><mdDateSt>19980727</mdDateSt><mdStanName>ArcGIS Metadata</mdStanName><mdStanVer>1.0</mdStanVer><distInfo xmlns=""><distributor xmlns=""><distorCont><rpIndName>GIS Coordinator</rpIndName><rpOrgName>Rocky Mountain National Park GIS Program</rpOrgName><rpCntInfo><cntPhone><voiceNum>N/A</voiceNum><faxNum>N/A</faxNum></cntPhone><cntAddress addressType="both"><delPoint>US Hwy 36</delPoint><city>Estes Park</city><adminArea>CO</adminArea><postCode>80517</postCode><country>US</country><eMailAdd>romo_gis_coordinator@nps.gov</eMailAdd></cntAddress><cntInstr>Contact via email ONLY.</cntInstr></rpCntInfo><role><RoleCd value="005"/></role></distorCont><distorOrdPrc><resFees>None</resFees><ordInstr>Contact via email ONLY. The RMNP GIS Program does ask to receive blank CD-R media in return for those sent out.</ordInstr></distorOrdPrc><distorFormat><formatName>Varies: Shapefiles with associated DBF lookup tables, or personal geodatabase</formatName><formatVer>20060720</formatVer><fileDecmTech>no compression applied</fileDecmTech></distorFormat><distorTran><offLineMed><medName><MedNameCd value="001"/></medName><medDensity>650</medDensity><medDenUnits>MB</medDenUnits><medFormat><MedFormCd value="004"/></medFormat></offLineMed></distorTran></distributor><distFormat xmlns=""><formatName Sync="TRUE">Shapefile</formatName></distFormat><distTranOps xmlns=""><transSize Sync="TRUE">0.000</transSize></distTranOps></distInfo><dataIdInfo><idCitation><resTitle>Trails of Rocky Mountain National Park</resTitle><date><pubDate>2011-01-01</pubDate></date><citRespParty><rpOrgName>Rocky Mountain National Park GIS Program</rpOrgName><role><RoleCd value="006"/></role></citRespParty><citRespParty><rpOrgName>Rocky Mountain National Park GIS Program</rpOrgName><rpCntInfo><cntAddress><delPoint>Estes Park, Colorado</delPoint></cntAddress></rpCntInfo><role><RoleCd value="010"/></role></citRespParty><presForm><PresFormCd value="006"/></presForm><presForm><fgdcGeoform>map</fgdcGeoform></presForm><datasetSeries><seriesName>none</seriesName><issId>infrastructure</issId></datasetSeries></idCitation><idAbs>&lt;DIV STYLE="text-align:Left;"&gt;&lt;DIV&gt;&lt;DIV&gt;&lt;P&gt;&lt;SPAN&gt;These data depicts trails in and around Rocky Mountain National Park. They are derived and developed from a number of sources. These include: &lt;/SPAN&gt;&lt;/P&gt;&lt;P&gt;&lt;SPAN&gt;&amp;gt;1:100000-scale USGS Digital Line Graph (DLG) data, &lt;/SPAN&gt;&lt;/P&gt;&lt;P&gt;&lt;SPAN&gt;&amp;gt;1:50000-scale USGS map of Rocky Mountain National Park (40105-A4-PF-050), &lt;/SPAN&gt;&lt;/P&gt;&lt;P&gt;&lt;SPAN&gt;&amp;gt;GPS (Global Positioning System) data. &lt;/SPAN&gt;&lt;/P&gt;&lt;P&gt;&lt;SPAN&gt;These data have also been updated and upgraded using heads-up digitizing using: &lt;/SPAN&gt;&lt;/P&gt;&lt;P&gt;&lt;SPAN&gt;&amp;gt;USGS Digital Orthophoto Quarter Quads (DOQQ)(late 1980's/early 1990's vintage - grayscale); &amp;gt;Color aerial imagery developed for Rocky Mountain National Park (2001); &lt;/SPAN&gt;&lt;/P&gt;&lt;P&gt;&lt;SPAN&gt;&amp;gt;National Agriculture Imagery Program (NAIP) aerial imagery (2005, 2009, 2011); &lt;/SPAN&gt;&lt;/P&gt;&lt;P&gt;&lt;SPAN&gt;&amp;gt;One foot resolution 4-band aerial imagery acquired by the Arapaho-Roosevelt National Forest (2008). &lt;/SPAN&gt;&lt;/P&gt;&lt;P&gt;&lt;SPAN&gt;Approximately 70% of trail miles in this database have been upgraded via GPS and DOQQ digitizing. &lt;/SPAN&gt;&lt;/P&gt;&lt;P&gt;&lt;SPAN&gt;**NOTE** - The SEGNAME and OLDNAME fields depict the names of trails as known by the Trail Crew of RMNP, and are mentioned in planning documents such as the "Trails System Maintenance and Reconstruction Plan 2000" and the earlier 1982 Trail Plan. Unfortunately, many trails in the Park do NOT have just ONE COMMON NAME!! An example would be the main trail through Wild Basin. Depending on who you ask, this trail may be refered to as: the Wild Basin Trail, or; the Copeland Falls Trail, or; the Thunder Lake Trail, or; the Ouzel Falls Trail; and perhaps even the Bluebird Lake Trail. Many people identify a trail name with their destination.&lt;/SPAN&gt;&lt;/P&gt;&lt;/DIV&gt;&lt;/DIV&gt;&lt;/DIV&gt;</idAbs><idPurp>Data used and/or developed by the Rocky Mountain National Park GIS Program is used in the protection and management of Rocky Mountain National Park.</idPurp><idStatus><ProgCd value="001"/></idStatus><idPoC xmlns=""><rpIndName>GIS Coordinator</rpIndName><rpOrgName>Rocky Mountain National Park GIS Program</rpOrgName><rpPosName>GIS Coordinator</rpPosName><rpCntInfo xmlns=""><cntPhone><voiceNum tddtty="">N/A</voiceNum><faxNum>(970) 586-1392</faxNum></cntPhone><cntAddress addressType="both"><delPoint>US Hwy 36</delPoint><city>Estes Park</city><adminArea>Colorado</adminArea><postCode>80517</postCode><country>US</country><eMailAdd>romo_gis_coordinator@nps.gov</eMailAdd></cntAddress></rpCntInfo><role><RoleCd value="007"/></role></idPoC><resMaint xmlns=""><maintFreq><MaintFreqCd value="009"/></maintFreq></resMaint><placeKeys><keyword>Colorado</keyword><keyword>Larimer County</keyword><keyword>Estes Park</keyword><keyword>Rocky Mountain National Park</keyword><keyword>Boulder County</keyword><keyword>Grand Lake</keyword><keyword>Grand County</keyword></placeKeys><themeKeys><keyword>Rocky Mountain National Park</keyword><keyword>trails</keyword><keyword>transportation</keyword><keyword>horse</keyword><keyword>hiking</keyword></themeKeys><searchKeys><keyword>Colorado</keyword><keyword>Larimer County</keyword><keyword>Estes Park</keyword><keyword>Rocky Mountain National Park</keyword><keyword>Rocky Mountain National Park</keyword><keyword>Boulder County</keyword><keyword>Grand Lake</keyword><keyword>trails</keyword><keyword>transportation</keyword><keyword>Grand County</keyword><keyword>horse</keyword><keyword>hiking</keyword></searchKeys><resConst><LegConsts xmlns=""><useLimit>The National Park Service shall not be held liable for improper or incorrect use of the data described and/or contained herein. These data and related graphics (if available) are not legal documents and are not intended to be used as such. The information contained in these data is dynamic and may change over time. The data are not better than the original sources from which they were derived. It is the responsibility of the data user to use the data appropriately and consistant within the limitations of geospatial data in general and these data in particular. Any related graphics (if available) are intended to aid the data user in acquiring relevant data; it is not appropriate to use related graphics as data. The National Park Service gives no warranty, expressed or implied, as to the accuracy, reliability, or completeness of these data. It is strongly recommended that these data are directly acquired from an NPS server and not indirectly through other sources which may have changed the data in some way. Although these data have been processed successfully on a computer system at the National Park Service, no warranty expressed or implied is made regarding the utility of the data on another system or for general or scientific purposes, nor shall the act of distribution constitute any such warranty. This disclaimer applies both to individual use of the data and aggregate use with other data.</useLimit></LegConsts></resConst><resConst><Consts xmlns=""><useLimit>&lt;DIV STYLE="text-align:Left;"&gt;&lt;DIV&gt;&lt;DIV&gt;&lt;P&gt;&lt;SPAN&gt;Not for use at scales greater than 1:100000&lt;/SPAN&gt;&lt;/P&gt;&lt;/DIV&gt;&lt;/DIV&gt;&lt;/DIV&gt;</useLimit></Consts></resConst><spatRpType><SpatRepTypCd value="001"/></spatRpType><dataLang><languageCode value="eng"/><countryCode value="USA" Sync="TRUE"/></dataLang><dataExt xmlns=""><geoEle><GeoBndBox><westBL>-105.94319272</westBL><eastBL>-105.45737085</eastBL><southBL>40.16867417</southBL><northBL>40.550011</northBL></GeoBndBox></geoEle></dataExt><dataExt xmlns=""><exDesc>publication date</exDesc><tempEle><TempExtent><exTemp><TM_Instant><tmPosition>2011-01-01</tmPosition></TM_Instant></exTemp></TempExtent></tempEle></dataExt><envirDesc Sync="TRUE">Microsoft Windows 7 Version 6.1 (Build 7601) Service Pack 1; Esri ArcGIS 10.1.1.3143</envirDesc><dataExt xmlns=""><geoEle xmlns=""><GeoBndBox esriExtentType="search"><exTypeCode Sync="TRUE">1</exTypeCode><westBL Sync="TRUE">-105.893280</westBL><eastBL Sync="TRUE">-105.497686</eastBL><northBL Sync="TRUE">40.549828</northBL><southBL Sync="TRUE">40.162351</southBL></GeoBndBox></geoEle></dataExt><dataChar><CharSetCd value="004"/></dataChar><tpCat><TopicCatCd value="018"/></tpCat></dataIdInfo><mdMaint><maintFreq><MaintFreqCd value="012"/></maintFreq><maintNote>Last metadata review date: 20110101</maintNote></mdMaint><dqInfo xmlns=""><dqScope><scpLvl><ScopeCd value="005"/></scpLvl></dqScope><report xmlns="" type="DQTopConsis" dimension=""><evalMethDesc>Chain-node topology present.</evalMethDesc></report><report xmlns="" type="DQConcConsis" dimension=""><measDesc>Chain-node topology present.</measDesc></report><report xmlns="" type="DQCompOm" dimension=""><measDesc>Data is considered complete. Some datasets are parkwide in scope, while others were developed and/or updated to address specific management concerns within particular spatial coordinates. Users of this data are advised to FULLY and CAREFULLY READ the "DISTRIBUTION LIABILITY" section of this metadata before using this data.</measDesc></report><report xmlns="" type="DQQuanAttAcc" dimension=""><measDesc>The attribute accuracy is deductively estimated to be "good". If a higher proof of data accuracy is required, do not use this data. User is advised to FULLY and CAREFULLY READ the "DISTRIBUTION LIABILITY" section of this metadata before using this data.</measDesc></report><report xmlns="" type="DQAbsExtPosAcc" dimension="horizontal"><measDesc>Horizontal accuracy varies depending on the source of individual components within the data. Data derived from USGS data (DLGs, DEMs, DOQQs) are assumed to meet National Map Accuracy standards, though extensive experience in using USGS data for the Rocky Mountain National Park area has shown that many data components have spatial errors exceeding the National Map Accuracy standards. Data produced from GPS (Global Positioning System) field data is assumed to be spatially accurate to within 2-5 meters.</measDesc></report><dataLineage><prcStep xmlns=""><stepDesc>A data layer consisting of 1:100000-scale USGS DLG data was queried and vectors were extracted to form the base of this data. Additional vectors were added and some 1:100000-scale vectors were replaced with more accurate vectors digitized off of a paper copy of the 1:50000-scale USGS Rocky Mountain National Park Map (40105-A4-PF-050). Additionally, some vectors were added and others adjusted using heads-up digitizing technique (digitizing off of the computer screen) using 1:12000- scale USGS DOQQs as a backdrop. Additional vectors were added and some 1:100000-scale and 1:50000-scale vectors were replaced with more accurate vectors created by collecting GPS data. Line data were collected using Trimble GPS (Global Positioning System) equipment. All data was post-processed with Trimble's software resulting in an accuracy of 2-5 meters. Line features were edited and splined to clean up vectors using the ARC/INFO ARCEDIT module. Attributes were added to vectors during post-processing, though some attributes were attached to the data in the field using a pre-defined data dictionary when GPS data was collected. Trails that have been closed or rerouted but that existed in the various data sources described above have been removed from this dataset.</stepDesc><stepDateTm>2011-01-01T00:00:00</stepDateTm></prcStep></dataLineage></dqInfo><eainfo><overview xmlns=""><eaover>The SEGNAME item is the name of the trail segment as described in the 'Trails System Maintenance and Reconstruction Plan 2000'. 

The SEGMENT item is a alpha-numeric code identifying unique trail segments as described in the 'Trails System Maintenance and Reconstruction Plan 2000'. 

The UNIT item describes which area of the Park a trail is located as described in the 'Trails System Maintenance and Reconstruction Plan 2000'. 

The UNITNUM item is a numeric code indicating which area of the Park a trail is located as described in the 'Trails System Maintenance and Reconstruction Plan 2000'. 

The STANDARD item is a code, A thru F, "used to precribe levels of construction for trails according to type and volume of use". A component of the 'Trails System Maintenance and Reconstruction Plan 2000'. 

The USERCLASS item identifies the type of use a trail receives. 
Four values:
&gt;"F" (foot traffic) 
&gt;"F/E" (foot traffic / private horse) 
&gt;"ALL" (foot traffic / private horse / limited commercial livery)
&gt;"CL" (primary commercial livery / foot and private horse use okay) 

The HORSE_USE item is a text field that emulates a "YES/NO" data type. Values indicate whether or not horse use is permitted on the trail. Two values: &gt;"Y" (Yes) &gt;"N" (No) 

The CDT item is a text field that emulates a "YES/NO" data type. Values indicate whether a segment has been designated as part of the Continental Divide National Scenic Trail. One value: &gt;"Y" (Yes) 

The MILES item is populated by multiplying the LENGTH item (meters) by 0.0006213711922, or by use of the AlaskaPak for ArcGIS extension. 

The FEET item is populated by multiplying the LENGTH item (meters) by 3.280839895, or by use of the AlaskaPak for ArcGIS extension. 

The SOURCE item defines the source of individual components within the data set. 
Examples: 
&gt;DOQQ/USGS - arcs, polygons, and/or points digitized from features visible on 1:12000 USGS digital orthophotoquads 
&gt;DOQQ/20XX - arcs, polygons, and/or points digitized from features visible on color DOQQs developed from 20XX aerial photography - 2001, 2005, 2009, and 2011 NAIP data have been used.
&gt;1:24K DLG - components originally from 1:24000 USGS digital line graph 
&gt;data &gt;1:100K DLG - components originally from 1:100000 USGS digital line graph data 
&gt;GPS - arcs, polygons, and/or points collected with Global Positioning System equipment 
Other values might exist. 

The OLDNAME item is a text field populated by the trail name as refered to in the 1982 Trail Plan. 

The OLDNUM item is a alphanumeric text field populated with the old trail "number" refered to in the 1982 Trail Plan. 

The FMSS item is a text field populated with the Facility Management Software System asset number for each trail segment. 

The FMSSINFO item is a text field populated with the descriptive information as found in the Facility Management Software System database for each trail segment.</eaover><eadetcit>none</eadetcit></overview><detailed Name="ROMO_TRANS_Trail_ln"><enttyp><enttypl Sync="TRUE">ROMO_TRANS_Trail_ln</enttypl><enttypt Sync="TRUE">Feature Class</enttypt><enttypc Sync="TRUE">0</enttypc></enttyp><attr><attrlabl Sync="TRUE">FID</attrlabl><attalias Sync="TRUE">FID</attalias><attrtype Sync="TRUE">OID</attrtype><attwidth Sync="TRUE">4</attwidth><atprecis Sync="TRUE">0</atprecis><attscale Sync="TRUE">0</attscale><attrdef Sync="TRUE">Internal feature number.</attrdef><attrdefs Sync="TRUE">Esri</attrdefs><attrdomv><udom Sync="TRUE">Sequential unique whole numbers that are automatically generated.</udom></attrdomv></attr><attr><attrlabl Sync="TRUE">Shape</attrlabl><attalias Sync="TRUE">Shape</attalias><attrtype Sync="TRUE">Geometry</attrtype><attwidth Sync="TRUE">0</attwidth><atprecis Sync="TRUE">0</atprecis><attscale Sync="TRUE">0</attscale><attrdef Sync="TRUE">Feature geometry.</attrdef><attrdefs Sync="TRUE">Esri</attrdefs><attrdomv><udom Sync="TRUE">Coordinates defining the features.</udom></attrdomv></attr><attr><attrlabl Sync="TRUE">OBJECTID</attrlabl><attalias Sync="TRUE">OBJECTID</attalias><attrtype Sync="TRUE">Double</attrtype><attwidth Sync="TRUE">10</attwidth><atprecis Sync="TRUE">10</atprecis><attscale Sync="TRUE">0</attscale></attr><attr><attrlabl Sync="TRUE">SEGNAME</attrlabl><attalias Sync="TRUE">SEGNAME</attalias><attrtype Sync="TRUE">String</attrtype><attwidth Sync="TRUE">60</attwidth><atprecis Sync="TRUE">0</atprecis><attscale Sync="TRUE">0</attscale></attr><attr><attrlabl Sync="TRUE">SEGMENT</attrlabl><attalias Sync="TRUE">SEGMENT</attalias><attrtype Sync="TRUE">String</attrtype><attwidth Sync="TRUE">6</attwidth><atprecis Sync="TRUE">0</atprecis><attscale Sync="TRUE">0</attscale></attr><attr><attrlabl Sync="TRUE">UNIT</attrlabl><attalias Sync="TRUE">UNIT</attalias><attrtype Sync="TRUE">String</attrtype><attwidth Sync="TRUE">30</attwidth><atprecis Sync="TRUE">0</atprecis><attscale Sync="TRUE">0</attscale></attr><attr><attrlabl Sync="TRUE">UNITNUM</attrlabl><attalias Sync="TRUE">UNITNUM</attalias><attrtype Sync="TRUE">Integer</attrtype><attwidth Sync="TRUE">5</attwidth><atprecis Sync="TRUE">5</atprecis><attscale Sync="TRUE">0</attscale></attr><attr><attrlabl Sync="TRUE">STANDARD</attrlabl><attalias Sync="TRUE">STANDARD</attalias><attrtype Sync="TRUE">String</attrtype><attwidth Sync="TRUE">3</attwidth><atprecis Sync="TRUE">0</atprecis><attscale Sync="TRUE">0</attscale></attr><attr><attrlabl Sync="TRUE">USERCLASS</attrlabl><attalias Sync="TRUE">USERCLASS</attalias><attrtype Sync="TRUE">String</attrtype><attwidth Sync="TRUE">5</attwidth><atprecis Sync="TRUE">0</atprecis><attscale Sync="TRUE">0</attscale></attr><attr><attrlabl Sync="TRUE">HORSE_USE</attrlabl><attalias Sync="TRUE">HORSE_USE</attalias><attrtype Sync="TRUE">String</attrtype><attwidth Sync="TRUE">2</attwidth><atprecis Sync="TRUE">0</atprecis><attscale Sync="TRUE">0</attscale></attr><attr><attrlabl Sync="TRUE">CDT</attrlabl><attalias Sync="TRUE">CDT</attalias><attrtype Sync="TRUE">String</attrtype><attwidth Sync="TRUE">2</attwidth><atprecis Sync="TRUE">0</atprecis><attscale Sync="TRUE">0</attscale></attr><attr><attrlabl Sync="TRUE">MILES</attrlabl><attalias Sync="TRUE">MILES</attalias><attrtype Sync="TRUE">Double</attrtype><attwidth Sync="TRUE">19</attwidth><atprecis Sync="TRUE">18</atprecis><attscale Sync="TRUE">8</attscale></attr><attr><attrlabl Sync="TRUE">FEET</attrlabl><attalias Sync="TRUE">FEET</attalias><attrtype Sync="TRUE">Double</attrtype><attwidth Sync="TRUE">19</attwidth><atprecis Sync="TRUE">18</atprecis><attscale Sync="TRUE">8</attscale></attr><attr><attrlabl Sync="TRUE">SOURCE</attrlabl><attalias Sync="TRUE">SOURCE</attalias><attrtype Sync="TRUE">String</attrtype><attwidth Sync="TRUE">10</attwidth><atprecis Sync="TRUE">0</atprecis><attscale Sync="TRUE">0</attscale></attr><attr><attrlabl Sync="TRUE">OLDNAME</attrlabl><attalias Sync="TRUE">OLDNAME</attalias><attrtype Sync="TRUE">String</attrtype><attwidth Sync="TRUE">41</attwidth><atprecis Sync="TRUE">0</atprecis><attscale Sync="TRUE">0</attscale></attr><attr><attrlabl Sync="TRUE">OLDNUM</attrlabl><attalias Sync="TRUE">OLDNUM</attalias><attrtype Sync="TRUE">String</attrtype><attwidth Sync="TRUE">5</attwidth><atprecis Sync="TRUE">0</atprecis><attscale Sync="TRUE">0</attscale></attr><attr><attrlabl Sync="TRUE">FMSS</attrlabl><attalias Sync="TRUE">FMSS</attalias><attrtype Sync="TRUE">String</attrtype><attwidth Sync="TRUE">50</attwidth><atprecis Sync="TRUE">0</atprecis><attscale Sync="TRUE">0</attscale></attr><attr><attrlabl Sync="TRUE">FMSSINFO</attrlabl><attalias Sync="TRUE">FMSSINFO</attalias><attrtype Sync="TRUE">String</attrtype><attwidth Sync="TRUE">100</attwidth><atprecis Sync="TRUE">0</atprecis><attscale Sync="TRUE">0</attscale></attr><attr><attrlabl Sync="TRUE">Shape_Leng</attrlabl><attalias Sync="TRUE">Shape_Leng</attalias><attrtype Sync="TRUE">Double</attrtype><attwidth Sync="TRUE">19</attwidth><atprecis Sync="TRUE">18</atprecis><attscale Sync="TRUE">8</attscale></attr><attr><attrlabl Sync="TRUE">HISTORIC</attrlabl><attalias Sync="TRUE">HISTORIC</attalias><attrtype Sync="TRUE">String</attrtype><attwidth Sync="TRUE">2</attwidth><atprecis Sync="TRUE">0</atprecis><attscale Sync="TRUE">0</attscale></attr><attr><attrlabl Sync="TRUE">Shape_STLe</attrlabl><attalias Sync="TRUE">Shape_STLe</attalias><attrtype Sync="TRUE">Double</attrtype><attwidth Sync="TRUE">19</attwidth><atprecis Sync="TRUE">0</atprecis><attscale Sync="TRUE">0</attscale></attr></detailed></eainfo><mdHrLvName Sync="TRUE">dataset</mdHrLvName><refSysInfo><RefSystem><refSysID><identCode code="26913" Sync="TRUE"/><idCodeSpace Sync="TRUE">EPSG</idCodeSpace><idVersion Sync="TRUE">7.11.2</idVersion></refSysID></RefSystem></refSysInfo><spatRepInfo><VectSpatRep><geometObjs Name="ROMO_TRANS_Trail_ln"><geoObjTyp><GeoObjTypCd value="002" Sync="TRUE"></GeoObjTypCd></geoObjTyp><geoObjCnt Sync="TRUE">0</geoObjCnt></geometObjs><topLvl><TopoLevCd value="001" Sync="TRUE"></TopoLevCd></topLvl></VectSpatRep></spatRepInfo><spdoinfo><ptvctinf><esriterm Name="ROMO_TRANS_Trail_ln"><efeatyp Sync="TRUE">Simple</efeatyp><efeageom code="3" Sync="TRUE"></efeageom><esritopo Sync="TRUE">FALSE</esritopo><efeacnt Sync="TRUE">0</efeacnt><spindex Sync="TRUE">FALSE</spindex><linrefer Sync="TRUE">FALSE</linrefer></esriterm></ptvctinf></spdoinfo></metadata>
