﻿<?xml version="1.0" encoding="UTF-8"?>
<metadata><NPS_Info><MetaPurp>OnlineData</MetaPurp><MetaPurp>CSDGM</MetaPurp><MetaPurp>NPS</MetaPurp><NPS_Unit><UnitCode>romo</UnitCode><UnitType>Park</UnitType></NPS_Unit><DatStore><Category>Boundary</Category><Category>Land Status / Ownership</Category><DataSite>NR-GIS</DataSite><DSteward><cntinfo><cntorgp><cntorg>NPS - Land Resources Division, WASO-FC</cntorg><cntper>Roger Johnson</cntper></cntorgp><cntpos>Chief Cartographer</cntpos><cntaddr><addrtype>mailing and physical address</addrtype><address>301 South Howes Street Suite 208</address><city>Fort Collins</city><state>CO</state><postal>80521</postal><country>USA</country></cntaddr><cntvoice>970-484-6428</cntvoice><cntfax>970-484-6432</cntfax><cntemail>roger_m_johnson@nps.gov</cntemail><hours>7:00am-5:30pm Mountain Monday-Thursday</hours></cntinfo></DSteward></DatStore></NPS_Info><idinfo><citation><citeinfo><origin>Department of the Interior (DOI), National Park Service (NPS), Land Resources Division (LRD), Fort Collins, Land Resources Program Center</origin><pubdate>20131112</pubdate><title Sync="FALSE">Rocky Mountain National Park Tract and Boundary Data</title><edition>20131112</edition><pubinfo><pubplace>Fort Collins, CO</pubplace><publish>National Park Service Land Resources Division</publish></pubinfo><onlink>http://nrdata.nps.gov/programs/Lands/romo_tracts.zip</onlink><geoform>vector digital data</geoform></citeinfo></citation><descript><abstract>These ESRI shape files are of National Park Service tract and boundary data that was created by the Land Resources Division. Tracts are numbered and created by the regional cartographic staff at the Land Resources Program Centers and are associated to the Land Status Maps. This data should be used to display properties that NPS owns and properties that NPS may have some type of interest such as scenic easements or right of ways.</abstract><purpose>This data is intended to keep a record of ownership information. Tracts can represent several types of interest like fee and scenic easement, and can be under several types of ownership like NPS owned, private, other federal, state or county. This data set provides accurate and reliable ownership data for park management and acquisition priorities.</purpose><langdata Sync="FALSE">en</langdata></descript><timeperd><timeinfo><rngdates><begdate>19150126</begdate><enddate>20131112</enddate></rngdates></timeinfo><current>Beginning date is the first recorded conveyance date. Ending date is set to the last day the data set was updated.</current></timeperd><status><progress>Complete</progress><update>Continually</update></status><spdom><bounding><westbc Sync="TRUE">-105.913714</westbc><eastbc Sync="TRUE">-105.493636</eastbc><northbc Sync="TRUE">40.553787</northbc><southbc Sync="TRUE">40.158067</southbc></bounding><lboundng><leftbc Sync="TRUE">2483040.622469</leftbc><rightbc Sync="TRUE">2518025.292190</rightbc><bottombc Sync="TRUE">287903.395080</bottombc><topbc Sync="TRUE">313117.765448</topbc></lboundng></spdom><keywords><theme><themekt>ISO 19115 Topic Category</themekt><themekey>Boundaries</themekey><themekey>Planning Cadastre</themekey></theme><theme><themekt>None</themekt><themekey>Boundary</themekey><themekey>Ownership</themekey><themekey>Parcels</themekey><themekey>Tracts</themekey><themekey>LRDCAB</themekey></theme><theme><themekt>National Park Service Theme Category Thesaurus</themekt></theme><place><placekt>None</placekt><placekey>United States</placekey><placekey>National Park Service</placekey><placekey>Rocky Mountain National Park</placekey><placekey>Intermountain</placekey><placekey>Colorado</placekey></place><place><placekt>National Park System Unit Name Thesaurus</placekt></place><place><placekt>National Park System Unit Code Thesaurus</placekt></place></keywords><accconst>None</accconst><useconst>NPS Director's Order #25 states: "Land status maps will be prepared to identify the ownership of the lands within the authorized boundaries of the park unit. These maps, showing ownership and acreage, are the 'official record' of the acreage of Federal and non-federal lands within the park boundaries. While these maps are the official record of the lands and acreage within the unit's authorized boundaries, they are not of survey quality and not intended to be used for survey purposes." As such this data is intended for use as a tool for GIS analysis. It is in no way intended for engineering or legal purposes. The data accuracy is checked against best available sources which may be dated and vary by location. NPS assumes no liability for use of this data. The boundary polygons LRD creates represent the current legislated boundary of a given NPS unit. NPS does not necessarily have full fee ownership or hold another interest (easement, right of way, etc...) in all parcels contained within this boundary. Equivalently NPS may own or have an interest in parcels outside the legislated boundary of a given unit. In order to obtain complete information about current NPS interests both inside and outside the units legislated boundary, the tracts file created by LRD should be used in conjunction with this boundary file created by LRD.</useconst><ptcontac><cntinfo><cntorgp><cntorg>NPS - Land Resources Division, Fort Collins</cntorg><cntper>Daniel S. Konzek</cntper></cntorgp><cntpos>Cartographer</cntpos><cntaddr><addrtype>mailing and physical address</addrtype><address>301 S Howes Street Suite 208</address><city>Fort Collins</city><state>CO</state><postal>80521</postal><country>USA</country></cntaddr><cntvoice>(970) 416-8529</cntvoice><cntfax>(970) 484-6432</cntfax><cntemail>daniel_konzek@nps.gov</cntemail><hours>7:00am - 5:30pm Mountain Monday through Thursday</hours></cntinfo></ptcontac><citeinfo>Microsoft Windows XP - Service Pack 2, Autodesk Land Desktop 2006 Project (DWG format)</citeinfo><natvform Sync="FALSE">Shapefile</natvform></idinfo><dataqual><attracc><attraccr>The Tract_id, and Alpha data fields are provided by regional cartographic offices. The Date_Edit data field is added when the regional office submits the data to the Lands WASO Fort Collins office for inclusion in the national data set. All remaining tract attributes are updated from LRD's Master Deed Listing (MDL) nightly. By default the Status and Estate fields are included shape file dbf. All other MDL fields covered under the FOIA can be added to the tract dbf upon request.</attraccr></attracc><logic>Link and node polygon topology is created using AutoDesk Land Desktop 2006. The data is then exported to ESRI shape file format and reprojected from it's native Autodesk coordinate system to NAD83 generic latitude and longitude, LL83.</logic><complete>Information contained in LRD's land ownership databases is updated nightly however tract polygons are posted to the NPS Data Store on a monthly basis. Users can ensure parcel polygons have up to date ownership attribution after the publication date by contacting your regional LRD office or downloading the Current_Tract_Ownership_Data file located on the NPS Data Store (http://science.nature.nps.gov/nrdata/) in a dBase format. Please contact the data originator with any suggested corrections and updates. LRD's boundary polygons represent the current legislated boundary of a given NPS unit. NPS does not necessarily have full fee ownership or hold another interest (easement, right of way, etc...) in all parcels contained within this boundary. Equivalently NPS may own or have an interest in parcels outside the legislated boundary of a given unit. In order to obtain complete information about current NPS interests both inside and outside the units legislated boundary, LRD's tracts files should also be downloaded and used in conjunction with LRD's boundary files.</complete><posacc><vertacc><vertaccr>None</vertaccr></vertacc></posacc><lineage><srcinfo><srccite><citeinfo><origin>National Park Service - Land Resources Division</origin><pubdate>20131112</pubdate><title>Legal Descriptions</title><edition>N/A</edition><geoform>document - legal description</geoform><pubinfo><pubplace>Intermountain Region Program Center</pubplace><publish>Land Resources Division</publish></pubinfo><othercit>N/A</othercit></citeinfo></srccite><srcscale>1</srcscale><typesrc>Paper</typesrc><srctime><timeinfo><rngdates><begdate>19150126</begdate><enddate>20131112</enddate></rngdates></timeinfo><srccurr>Beginning Date represents first conveyed date. Ending date is when the data was last updated.</srccurr></srctime><srccitea>Legal Descriptions</srccitea></srcinfo><srcinfo><srccite><citeinfo><origin>National Park Service - Land Resources Division</origin><pubdate>20131112</pubdate><title>Deeds</title><edition>N/A</edition><geoform>document - deed</geoform><pubinfo><pubplace>Intermountain Region Program Center</pubplace><publish>Land Resources Division</publish></pubinfo><othercit>MANDATORY IF APPLICABLE</othercit></citeinfo></srccite><srcscale>1</srcscale><typesrc>Paper</typesrc><srctime><timeinfo><rngdates><begdate>19150126</begdate><enddate>20131112</enddate></rngdates></timeinfo><srccurr>Beginning Date represents first conveyed date. Ending date is when the data was last updated.</srccurr></srctime><srccitea>deeds</srccitea><srccontr>tract and boundary geometry, Tract_id, Alpha</srccontr></srcinfo><srcinfo><srccite><citeinfo><origin>National Park Service - Land Resources Division</origin><pubdate>20131112</pubdate><title>Segment Maps</title><edition>N/A</edition><geoform>map - segment map</geoform><pubinfo><pubplace>Intermountain Region Program Center</pubplace><publish>Land Resources Division</publish></pubinfo><othercit>romo segment maps were the initial source used in the creation of this data set.</othercit></citeinfo></srccite><srcscale>1:24,000</srcscale><typesrc>Mylar</typesrc><srctime><timeinfo><rngdates><begdate>19150126</begdate><enddate>20131112</enddate></rngdates></timeinfo><srccurr>Beginning Date represents first conveyed date. Ending date is when the data was last updated.</srccurr></srctime><srccitea>segment maps</srccitea><srccontr>tract and boundary geometry, Tract_id, Alpha</srccontr></srcinfo><procstep><procdesc>The park boundary and individual tract boundaries were drawn utilizing cogo commands in Autodesk based on the bearing and distance legal descriptions found in deeds and surveys unless otherwise detailed below. Tract and Boundary lines that follow PLSS lines were derived from BLM GCDB data dated October 2010 with some section corners minimally adjusted based on Park GIS staff GPS surveys. Subdivision tracts in Larimer County were taken from Larimer County GIS data. Tract 04-166, 04-168, and 04-169 were cogo'ed from survey map romo_survey_1973_1 dated 1/30/1973. Tract 02-162 was cogo'ed from deed 167 and survey map romo_sunnyridge_1 dated May 26, 1922. Tracts 10-103, 10-106C, 10-102, and 10-112 were cogo'ed from survey map romo2003410_1 dated 12/28/2005. Tract 02-101 was cogo'ed from survey map romo2003410_2 dated 12/26/2005. Tract 02-121 in section 27 T5N R73W was drawn by offsetting the centerline of High Line Road as provided by the Rocky Mountain National Park GIS staff by 30 feet on either side as per deed romo21F. Tracts 03-102, 03-103, 03-104, 03-112, 03-114, 03-115, 03-116, 03-117, 03-118, 03-119, 03-120, 03-121 (Summerland Subdivision) was drawn by geo-referencing and on-screen digitizing Grand County Tax map 1075-33-4 (document archives title: romo1075-33-4). Tracts 03-126 and 03-137 were input using Parcel A, Cairns Ranch LLC. Outright Exemption Subdivision Plat and Amended Parcel A, Cairns Ranch LLC Outright Exemption &amp; Crane Trust Outright Exemption Subdivision Plat dated 01/16/2007 by Tim Shenk Land Surveying, Inc. (Grand County, CO). Tract 10-101, 10-104, and 10-105 were cogo'ed from deed romo342 and survey map romo203410_3 dated 12/28/2005. Tracts 05-124 and 05-102 were cogo'ed from survey map romo_3069a dated 9/1/1995. Tracts 05-122, 05-131 and 05-113 were cogo'ed from deed romo352 which includes a survey map of the area. The southern boundary of tract 05-122 follows the southern right-of-way line of highway 7. This right of way was drawn by offsetting the Rocky Mountain National Park GIS roads dataset by 33 feet as per survey map romo_3069a. Tract 05-114 was cogo'ed from deed 330. The 20' right-of-way was drawn by onscreen digitizing the roadway from 2009 NAIP imagery and offsetting 10 feet on either side. Tract 10-110 was cogo'ed from survey map romo_3648 dated 4/23/2001. Tract 07-144 was cogo'ed from survey map romo_b002 dated 3/15/1985. Tracts 07-101, 07-110, 07-111, 07-112, 07-113, 07-114, 04-155, 04-156, 04-157, 04-160, 04-161, 04-162, 04-164, 04-179, 04-180 were cogo'ed from survey map romo_b010. Tracts in segment map 08 (woodland heights subdivision) were cogo'ed from their respective deeds. The bearing and distance calls for these tracts were based on USGS GLO Plats which listed the N1/2 of the section line between sections 34 and 35 as N04d34'E. The current N1/2 of the section line between tract 34 and 35 bears N04d26ཷW". To correct for this discrepancy, the tracts were rotated 0d07'.41" around point x=2985461.22, y=1375856.12 (NW corner of section 35 T5N R73W). Tracts in segment map 08 that are described as having a north boundary that follows the southern right of way of the High Line Road were drawn by offsetting the roadway provided by the Rocky Mountain National Park GIS staff by 30 feet on either side as per deed romo21F which describes tract 02-121 as a 60 foot tract of land, 30 feet on either side of the centerline of the roadway. Tract 06-105 was previously drawn by Rocky Mountain Park GIS personnel. This previously drawn linework was utilized due to the unavailability of an adequate legal description, and the NPS owns these tracts and all of the land surrounding these tracts in Fee. Tracts 01-110, 01-112, 01-114, 01-117, 01-120, and 01-125 were drawn by on screen digitizing the centerline of highway 34 (Trail Ridge Road) and offsetting 50 feet on either side to produce a 100 foot right-of-way. Tract 09-172/09-177 was drawn by onscreen digitization from segment map 09 dated December 22, 1980. The southeast boundary for tract 10-106 follows the north right-of-way line of Devil’s Gulch Road. This right-of-way was drawn by offsetting the Rocky Mountain National Park GIS roads dataset by 33 feet to the north. Unless otherwise stated, all tract linework that represents river or creek centerlines were taken from a GIS dataset provided by Rocky Mountain National Park GIS which were derived and developed from 1:24,000 USGS Digital Line Graph (DLG) data, 1:24,000 USFS Cartographic Feature File (CFF) data, Global Positioning System (GPS) data, and on-screen digitization by Park personnel from USGS DOQs and color DOQs developed for Rocky Mountain National Park. Unless otherwise states, all tract linework that represents roadway right of ways were taken from a GIS dataset provided by Rocky Mountain National Park GIS which were derived and developed from 1:100,000 USGS DLG transportation data, 1:50,000 USGS map of Rocky Mountain National Park (40105-A4-PF-050), GPS data, and on-screen digitization by Park personnel from digital photoorthoquad data. Right of ways were then created by offsetting the centerline on either side by the distance as described in the appropriate deed for each tract. Tract 06-126 was cogo'ed from BLM survey map romo_T5NR76W. The park boundary follows the northern right-of-way of Grand Gulch and the Grand Gulch access road. The right-of-way for the Grand Gulch access road was drawn by offsetting the centerline by 30'. A title commitment from 2011 for tracts 02-108 and 02-110 (now archived) provided warranty deeds describing the tract boundaries in this area. Updated tract and boundary dataset reflect tract 02-271 being changed from Fee-O to Fee. NAD83 Colorado State Planes, North Zone, US Foot was used as the source coordinate system for the Autodesk Land Desktop project. The Autodesk line work is imported, edited, attributed, approved, and a link and node topology is developed both for the tract and boundary data layers according to the procedures described in the Land Acquisition Procedures Manual Chapter 5. The entire unit is created in a geographically contiguous model space and separate layouts representing each individual segment map are created. The tract and boundary data is then reprojected to North American Datum 1983 generic latitude &amp; longitude and exported from Autodesk to an ArcView shape file format in a single step.</procdesc><srcused>Deeds, Segment Maps, and Survey Maps from the NPS LandsNet Archive (http://landsnet.nps.gov/tractsnet/documents/romo/)</srcused><srcused>2010 NAIP high resolution ortho-imagery (http://datagateway.nrcs.usda.gov/)</srcused><srcused>Rocky Mountain National Park GIS</srcused><srcused>Larimer County GIS data (http://www.co.larimer.co.us)</srcused><srcused>Grand County Parcel Maps (http://www.co.grand.co.us)</srcused><procdate>20101001 - 20131112</procdate><proccont><cntinfo><cntperp><cntper>Daniel S. Konzek</cntper><cntorg>NPS Land Resources Division, Fort Collins</cntorg></cntperp><cntpos>Cartographer</cntpos><cntaddr><addrtype>mailing and physical address</addrtype><address>301 S Howes Street Suite 208</address><city>Fort Collins</city><state>CO</state><postal>80521</postal><country>USA</country></cntaddr><cntvoice>(970) 416-8529</cntvoice><cntfax>(970) 484-6432</cntfax><cntemail>daniel_konzek@nps.gov</cntemail><hours>7:00am - 5:30pm Mountain Monday through Thursday</hours></cntinfo></proccont></procstep></lineage></dataqual><spref><horizsys>
<geograph><latres>0.000002</latres><longres>0.000002</longres><geogunit>Decimal degrees</geogunit></geograph><geodetic><horizdn>North American Datum of 1983</horizdn><ellips>Geodetic Reference System 80</ellips><semiaxis>6378137.000000</semiaxis><denflat>298.257222</denflat></geodetic></horizsys></spref><eainfo><detailed><enttyp><enttypl Sync="FALSE">romo.dbf</enttypl><enttypd>Shapefile Attribute Table</enttypd><enttypds>None</enttypds><enttypt Sync="FALSE">Feature Class</enttypt><enttypc Sync="FALSE">226</enttypc></enttyp><attr><attrlabl Sync="FALSE">Alpha</attrlabl><attrdef Sync="FALSE">Provides the unit identification code.</attrdef><attrdefs Sync="FALSE">"Land Acquisition Procedures (LAPS)", revised 2009.</attrdefs><attrdomv><udom Sync="FALSE">Attributes were created according to the National Park Service, Washington Land Resources Division, Land Acquisition Procedures (LAPS) revised 2005.</udom></attrdomv><attalias Sync="FALSE">Alpha</attalias><attrtype Sync="FALSE">String</attrtype><attwidth Sync="FALSE">4</attwidth><atprecis Sync="FALSE">0</atprecis><attscale Sync="FALSE">0</attscale></attr><attr><attrlabl Sync="FALSE">Tract_id</attrlabl><attalias Sync="FALSE">Tract_Id</attalias><attrtype Sync="FALSE">String</attrtype><attwidth Sync="FALSE">256</attwidth><atprecis Sync="FALSE">0</atprecis><attscale Sync="FALSE">0</attscale><attrdef Sync="FALSE">Provides the tract identification number.</attrdef><attrdefs Sync="FALSE">"Land Acquisition Procedures (LAPS)", revised 2009.</attrdefs><attrdomv><udom Sync="FALSE">Attributes were created according to the National Park Service, Washington Land Resources Division, Land Acquisition Procedures (LAPS) revised 2009.</udom></attrdomv></attr><attr><attrlabl Sync="FALSE">Status</attrlabl><attrdef Sync="FALSE">Defines if an interest is a parcel is NPS owned, held by another Federal agency or a non-Federal party.</attrdef><attrdefs Sync="FALSE">"Land Acquisition Procedures (LAPS)", revised 2009.</attrdefs><attrdomv><udom Sync="FALSE">Attributes were created according to the National Park Service, Washington Land Resources Division, Land Acquisition Procedures (LAPS) revised 2009.</udom></attrdomv><attalias Sync="FALSE">Status</attalias><attrtype Sync="FALSE">String</attrtype><attwidth Sync="FALSE">16</attwidth><atprecis Sync="FALSE">0</atprecis><attscale Sync="FALSE">0</attscale></attr><attr><attrlabl Sync="FALSE">Estate</attrlabl><attrdef Sync="FALSE">Expresses the degree, nature, quality, or extent of an interest NPS has acquired.</attrdef><attrdefs Sync="FALSE">"Land Acquisition Procedures (LAPS)", revised 2009.</attrdefs><attrdomv><udom Sync="FALSE">Attributes were created according to the National Park Service, Washington Land Resources Division, Land Acquisition Procedures (LAPS) revised 2009.</udom></attrdomv><attalias Sync="FALSE">Estate</attalias><attrtype Sync="FALSE">String</attrtype><attwidth Sync="FALSE">16</attwidth><atprecis Sync="FALSE">0</atprecis><attscale Sync="FALSE">0</attscale></attr><attr><attrlabl Sync="FALSE">Areatract</attrlabl><attrdef Sync="FALSE">A field used to relate each parcel to the Current_Tract_Ownership_Data.dbf file located on the NPS Data Store.</attrdef><attrdefs Sync="FALSE">"Land Acquisition Procedures (LAPS)", revised 2009.</attrdefs><attrdomv><udom Sync="FALSE">Attributes were created according to the National Park Service, Washington Land Resources Division, Land Acquisition Procedures (LAPS) revised 2009.</udom></attrdomv><attalias Sync="FALSE">Areatract</attalias><attrtype Sync="FALSE">String</attrtype><attwidth Sync="FALSE">16</attwidth><atprecis Sync="FALSE">0</atprecis><attscale Sync="FALSE">0</attscale></attr></detailed><overview><eaover>Attributes were created according to the National Park Service, Land Resources Division, Land Acquisition Procedures (LAPS).</eaover><eadetcit>"Land Acquisition Procedures (LAPS)", Mapping Standards - Chapter 5, revised 2009.</eadetcit></overview></eainfo><distinfo><distrib><cntinfo><cntorgp><cntorg>NPS - Land Resources Division, WASO-FC</cntorg><cntper>Roger Johnson</cntper></cntorgp><cntpos>Chief Cartographer</cntpos><cntaddr><addrtype>mailing and physical address</addrtype><address>301 South Howes Street Suite 208</address><city>Fort Collins</city><state>CO</state><postal>80521</postal><country>USA</country></cntaddr><cntvoice>970-484-6428</cntvoice><cntfax>970-484-6432</cntfax><cntemail>roger_m_johnson@nps.gov</cntemail><hours>7:00am-5:30pm Mountain Monday-Thursday</hours></cntinfo></distrib><distliab>Property ownership data is compiled from deeds, plats, surveys, and other source data. These are not engineering quality drawings and should be used for administrative purposes only. The National Park Service shall not be held liable for improper or incorrect use of the data described and/or contained herein. These data and related graphics are not legal documents and are not intended to be used as such. The information contained in these data is dynamic and may change over time. The data are not better than the original sources from which they were derived. It is the responsibility of the data user to use the data appropriately and consistent within the limitations of geospatial data in general and these data in particular. The related graphics are intended to aid the data user in acquiring relevant data; it is not appropriate to use the related graphics as data. The National Park Service gives no warranty, expressed or implied, as to the accuracy, reliability, or completeness of these data. It is strongly recommended that these data are directly acquired from an NPS server and not indirectly through other sources which may have changed the data in some way. Although these data have been processed successfully on a computer system at the National Park Service, no warranty expressed or implied is made regarding the utility of the data on another system or for general or scientific purposes, nor shall the act of distribution constitute any such warranty. This disclaimer applies both to individual use of the data and aggregate use with other data.</distliab><stdorder><digform><digtinfo><formname>ESRI Shapefile</formname></digtinfo><digtopt><onlinopt><computer><networka><networkr>http://nrdata.nps.gov/programs/Lands/romo_tract.zip</networkr></networka></computer></onlinopt></digtopt></digform><fees>None</fees></stdorder><resdesc>romo.shp and romo_boundary.shp</resdesc><custom>To get a hard copy plot, contact Land Resources Program Center for replacement costs and turnaround times.</custom></distinfo><metainfo><metd Sync="FALSE">20131112</metd><metc><cntinfo><cntorgp><cntorg>NPS Land Resources Division, Fort Collins</cntorg><cntper>Daniel S. Konzek</cntper></cntorgp><cntpos>Cartographer</cntpos><cntaddr><addrtype>Mailing and physical address</addrtype><address>301 S Howes Street Suite 208</address><city>Fort Collins</city><state>CO</state><postal>80521</postal><country>USA</country></cntaddr><cntvoice>(970) 416-8529</cntvoice><cntfax>(970) 484-6432</cntfax><cntemail>daniel_konzek@nps.gov</cntemail><hours>7:00am - 5:30pm Mountain Monday through Thursday</hours></cntinfo></metc><metstdn Sync="FALSE">FGDC Content Standards for Digital Geospatial Metadata</metstdn><metstdv Sync="FALSE">FGDC-STD-001-1998</metstdv><metextns><onlink Sync="FALSE">http://www.esri.com/metadata/esriprof80.html</onlink><metprof Sync="FALSE">ESRI Metadata Profile</metprof></metextns><metextns><onlink Sync="FALSE">http://nrdata.nps.gov/profiles/NPS_Profile.xml</onlink><metprof Sync="FALSE">NPS Metadata Profile</metprof></metextns><langmeta Sync="FALSE">en</langmeta><mettc Sync="FALSE">local time</mettc></metainfo></metadata>
